{"cameraMode":{"drawMode":0,"name":"Shaded","section":"Shading Mode"},"sceneLighting":true,"audioPlay":false,"sceneViewState":{"showFog":true,"showMaterialUpdate":false,"showSkybox":true,"showFlares":true,"showImageEffects":true,"showParticleSystems":true},"in2DMode":false,"pivot":{"x":5.235299110412598,"y":0.7717527151107788,"z":-4.53148078918457},"rotation":{"x":0.09789187461137772,"y":-0.230117529630661,"z":-0.023271869868040086,"w":-0.9679515957832336},"size":1.21901535987854,"orthographic":false}